{
  "project_info": {
    "project_number": "6451828206",
    "project_id": "laura2-65a9d",
    "storage_bucket": "laura2-65a9d.appspot.com"
  },
  "client": [
    {
      "client_info": {
        "mobilesdk_app_id": "1:6451828206:android:29b798b4fe7d757210eaff",
        "android_client_info": {
          "package_name": "com.example.laurapivoto2"
        }
      },
      "oauth_client": [
        {
          "client_id": "6451828206-q5a1i4l00pr03glg2vo9f48spide6jtb.apps.googleusercontent.com",
          "client_type": 3
        }
      ],
      "api_key": [
        {
          "current_key": "AIzaSyC_NuaXPrHFuu-tc0OXk11m20P-IreUl4U"
        }
      ],
      "services": {
        "appinvite_service": {
          "other_platform_oauth_client": [
            {
              "client_id": "6451828206-q5a1i4l00pr03glg2vo9f48spide6jtb.apps.googleusercontent.com",
              "client_type": 3
            }
          ]
        }
      }
    }
  ],
  "configuration_version": "1"
}